cidade,uf,latitude,longitude,hsp_kwh_m2_dia,tipo,fonte,url_fonte,data_dado,data_consulta,observacoes
Rio Branco,AC,-9.97,-67.81,4.605,capital,"Altoé & Ribeiro (2020), Rev. Eng. Tecnologia v.12 n.4, Tabelas 1-5 (irradiação diária média no plano inclinado; base INPE Atlas Brasileiro de Energia Solar 2017 via Neosolar abr/2020)",https://revistas.uepg.br/index.php/ret/article/download/15866/209209213894/209209232374,2020-04,2026-10-01,Plano inclinado (inclinação ≈ latitude). Coordenadas aproximadas da capital. Serve também de referência da UF.
Manaus,AM,-3.12,-60.02,4.327,capital,"Altoé & Ribeiro (2020), Rev. Eng. Tecnologia v.12 n.4, Tabelas 1-5 (irradiação diária média no plano inclinado; base INPE Atlas Brasileiro de Energia Solar 2017 via Neosolar abr/2020)",https://revistas.uepg.br/index.php/ret/article/download/15866/209209213894/209209232374,2020-04,2026-10-01,Plano inclinado (inclinação ≈ latitude). Coordenadas aproximadas da capital. Serve também de referência da UF.
Porto Velho,RO,-8.76,-63.9,4.521,capital,"Altoé & Ribeiro (2020), Rev. Eng. Tecnologia v.12 n.4, Tabelas 1-5 (irradiação diária média no plano inclinado; base INPE Atlas Brasileiro de Energia Solar 2017 via Neosolar abr/2020)",https://revistas.uepg.br/index.php/ret/article/download/15866/209209213894/209209232374,2020-04,2026-10-01,Plano inclinado (inclinação ≈ latitude). Coordenadas aproximadas da capital. Serve também de referência da UF.
Boa Vista,RR,2.82,-60.67,4.898,capital,"Altoé & Ribeiro (2020), Rev. Eng. Tecnologia v.12 n.4, Tabelas 1-5 (irradiação diária média no plano inclinado; base INPE Atlas Brasileiro de Energia Solar 2017 via Neosolar abr/2020)",https://revistas.uepg.br/index.php/ret/article/download/15866/209209213894/209209232374,2020-04,2026-10-01,Plano inclinado (inclinação ≈ latitude). Coordenadas aproximadas da capital. Serve também de referência da UF.
Belém,PA,-1.46,-48.5,4.865,capital,"Altoé & Ribeiro (2020), Rev. Eng. Tecnologia v.12 n.4, Tabelas 1-5 (irradiação diária média no plano inclinado; base INPE Atlas Brasileiro de Energia Solar 2017 via Neosolar abr/2020)",https://revistas.uepg.br/index.php/ret/article/download/15866/209209213894/209209232374,2020-04,2026-10-01,Plano inclinado (inclinação ≈ latitude). Coordenadas aproximadas da capital. Serve também de referência da UF.
Macapá,AP,0.03,-51.07,4.944,capital,"Altoé & Ribeiro (2020), Rev. Eng. Tecnologia v.12 n.4, Tabelas 1-5 (irradiação diária média no plano inclinado; base INPE Atlas Brasileiro de Energia Solar 2017 via Neosolar abr/2020)",https://revistas.uepg.br/index.php/ret/article/download/15866/209209213894/209209232374,2020-04,2026-10-01,Plano inclinado (inclinação ≈ latitude). Coordenadas aproximadas da capital. Serve também de referência da UF.
Palmas,TO,-10.18,-48.33,5.294,capital,"Altoé & Ribeiro (2020), Rev. Eng. Tecnologia v.12 n.4, Tabelas 1-5 (irradiação diária média no plano inclinado; base INPE Atlas Brasileiro de Energia Solar 2017 via Neosolar abr/2020)",https://revistas.uepg.br/index.php/ret/article/download/15866/209209213894/209209232374,2020-04,2026-10-01,Plano inclinado (inclinação ≈ latitude). Coordenadas aproximadas da capital. Serve também de referência da UF.
São Luís,MA,-2.53,-44.3,5.208,capital,"Altoé & Ribeiro (2020), Rev. Eng. Tecnologia v.12 n.4, Tabelas 1-5 (irradiação diária média no plano inclinado; base INPE Atlas Brasileiro de Energia Solar 2017 via Neosolar abr/2020)",https://revistas.uepg.br/index.php/ret/article/download/15866/209209213894/209209232374,2020-04,2026-10-01,Plano inclinado (inclinação ≈ latitude). Coordenadas aproximadas da capital. Serve também de referência da UF.
Teresina,PI,-5.09,-42.8,5.582,capital,"Altoé & Ribeiro (2020), Rev. Eng. Tecnologia v.12 n.4, Tabelas 1-5 (irradiação diária média no plano inclinado; base INPE Atlas Brasileiro de Energia Solar 2017 via Neosolar abr/2020)",https://revistas.uepg.br/index.php/ret/article/download/15866/209209213894/209209232374,2020-04,2026-10-01,Plano inclinado (inclinação ≈ latitude). Coordenadas aproximadas da capital. Serve também de referência da UF.
Fortaleza,CE,-3.73,-38.53,5.775,capital,"Altoé & Ribeiro (2020), Rev. Eng. Tecnologia v.12 n.4, Tabelas 1-5 (irradiação diária média no plano inclinado; base INPE Atlas Brasileiro de Energia Solar 2017 via Neosolar abr/2020)",https://revistas.uepg.br/index.php/ret/article/download/15866/209209213894/209209232374,2020-04,2026-10-01,Plano inclinado (inclinação ≈ latitude). Coordenadas aproximadas da capital. Serve também de referência da UF.
Natal,RN,-5.79,-35.21,5.676,capital,"Altoé & Ribeiro (2020), Rev. Eng. Tecnologia v.12 n.4, Tabelas 1-5 (irradiação diária média no plano inclinado; base INPE Atlas Brasileiro de Energia Solar 2017 via Neosolar abr/2020)",https://revistas.uepg.br/index.php/ret/article/download/15866/209209213894/209209232374,2020-04,2026-10-01,Plano inclinado (inclinação ≈ latitude). Coordenadas aproximadas da capital. Serve também de referência da UF.
João Pessoa,PB,-7.12,-34.86,5.531,capital,"Altoé & Ribeiro (2020), Rev. Eng. Tecnologia v.12 n.4, Tabelas 1-5 (irradiação diária média no plano inclinado; base INPE Atlas Brasileiro de Energia Solar 2017 via Neosolar abr/2020)",https://revistas.uepg.br/index.php/ret/article/download/15866/209209213894/209209232374,2020-04,2026-10-01,Plano inclinado (inclinação ≈ latitude). Coordenadas aproximadas da capital. Serve também de referência da UF.
Maceió,AL,-9.67,-35.74,5.53,capital,"Altoé & Ribeiro (2020), Rev. Eng. Tecnologia v.12 n.4, Tabelas 1-5 (irradiação diária média no plano inclinado; base INPE Atlas Brasileiro de Energia Solar 2017 via Neosolar abr/2020)",https://revistas.uepg.br/index.php/ret/article/download/15866/209209213894/209209232374,2020-04,2026-10-01,Plano inclinado (inclinação ≈ latitude). Coordenadas aproximadas da capital. Serve também de referência da UF.
Recife,PE,-8.05,-34.88,5.448,capital,"Altoé & Ribeiro (2020), Rev. Eng. Tecnologia v.12 n.4, Tabelas 1-5 (irradiação diária média no plano inclinado; base INPE Atlas Brasileiro de Energia Solar 2017 via Neosolar abr/2020)",https://revistas.uepg.br/index.php/ret/article/download/15866/209209213894/209209232374,2020-04,2026-10-01,Plano inclinado (inclinação ≈ latitude). Coordenadas aproximadas da capital. Serve também de referência da UF.
Aracaju,SE,-10.91,-37.07,5.509,capital,"Altoé & Ribeiro (2020), Rev. Eng. Tecnologia v.12 n.4, Tabelas 1-5 (irradiação diária média no plano inclinado; base INPE Atlas Brasileiro de Energia Solar 2017 via Neosolar abr/2020)",https://revistas.uepg.br/index.php/ret/article/download/15866/209209213894/209209232374,2020-04,2026-10-01,Plano inclinado (inclinação ≈ latitude). Coordenadas aproximadas da capital. Serve também de referência da UF.
Salvador,BA,-12.97,-38.51,5.396,capital,"Altoé & Ribeiro (2020), Rev. Eng. Tecnologia v.12 n.4, Tabelas 1-5 (irradiação diária média no plano inclinado; base INPE Atlas Brasileiro de Energia Solar 2017 via Neosolar abr/2020)",https://revistas.uepg.br/index.php/ret/article/download/15866/209209213894/209209232374,2020-04,2026-10-01,Plano inclinado (inclinação ≈ latitude). Coordenadas aproximadas da capital. Serve também de referência da UF.
Cuiabá,MT,-15.6,-56.1,5.243,capital,"Altoé & Ribeiro (2020), Rev. Eng. Tecnologia v.12 n.4, Tabelas 1-5 (irradiação diária média no plano inclinado; base INPE Atlas Brasileiro de Energia Solar 2017 via Neosolar abr/2020)",https://revistas.uepg.br/index.php/ret/article/download/15866/209209213894/209209232374,2020-04,2026-10-01,Plano inclinado (inclinação ≈ latitude). Coordenadas aproximadas da capital. Serve também de referência da UF.
Campo Grande,MS,-20.47,-54.62,5.235,capital,"Altoé & Ribeiro (2020), Rev. Eng. Tecnologia v.12 n.4, Tabelas 1-5 (irradiação diária média no plano inclinado; base INPE Atlas Brasileiro de Energia Solar 2017 via Neosolar abr/2020)",https://revistas.uepg.br/index.php/ret/article/download/15866/209209213894/209209232374,2020-04,2026-10-01,Plano inclinado (inclinação ≈ latitude). Coordenadas aproximadas da capital. Serve também de referência da UF.
Goiânia,GO,-16.69,-49.26,5.436,capital,"Altoé & Ribeiro (2020), Rev. Eng. Tecnologia v.12 n.4, Tabelas 1-5 (irradiação diária média no plano inclinado; base INPE Atlas Brasileiro de Energia Solar 2017 via Neosolar abr/2020)",https://revistas.uepg.br/index.php/ret/article/download/15866/209209213894/209209232374,2020-04,2026-10-01,Plano inclinado (inclinação ≈ latitude). Coordenadas aproximadas da capital. Serve também de referência da UF.
Belo Horizonte,MG,-19.92,-43.94,5.35,capital,"Altoé & Ribeiro (2020), Rev. Eng. Tecnologia v.12 n.4, Tabelas 1-5 (irradiação diária média no plano inclinado; base INPE Atlas Brasileiro de Energia Solar 2017 via Neosolar abr/2020)",https://revistas.uepg.br/index.php/ret/article/download/15866/209209213894/209209232374,2020-04,2026-10-01,Plano inclinado (inclinação ≈ latitude). Coordenadas aproximadas da capital. Serve também de referência da UF.
Vitória,ES,-20.32,-40.34,5.132,capital,"Altoé & Ribeiro (2020), Rev. Eng. Tecnologia v.12 n.4, Tabelas 1-5 (irradiação diária média no plano inclinado; base INPE Atlas Brasileiro de Energia Solar 2017 via Neosolar abr/2020)",https://revistas.uepg.br/index.php/ret/article/download/15866/209209213894/209209232374,2020-04,2026-10-01,Plano inclinado (inclinação ≈ latitude). Coordenadas aproximadas da capital. Serve também de referência da UF.
Rio de Janeiro,RJ,-22.91,-43.17,4.934,capital,"Altoé & Ribeiro (2020), Rev. Eng. Tecnologia v.12 n.4, Tabelas 1-5 (irradiação diária média no plano inclinado; base INPE Atlas Brasileiro de Energia Solar 2017 via Neosolar abr/2020)",https://revistas.uepg.br/index.php/ret/article/download/15866/209209213894/209209232374,2020-04,2026-10-01,Plano inclinado (inclinação ≈ latitude). Coordenadas aproximadas da capital. Serve também de referência da UF.
São Paulo,SP,-23.55,-46.63,4.671,capital,"Altoé & Ribeiro (2020), Rev. Eng. Tecnologia v.12 n.4, Tabelas 1-5 (irradiação diária média no plano inclinado; base INPE Atlas Brasileiro de Energia Solar 2017 via Neosolar abr/2020)",https://revistas.uepg.br/index.php/ret/article/download/15866/209209213894/209209232374,2020-04,2026-10-01,Plano inclinado (inclinação ≈ latitude). Coordenadas aproximadas da capital. Serve também de referência da UF.
Curitiba,PR,-25.43,-49.27,4.41,capital,"Altoé & Ribeiro (2020), Rev. Eng. Tecnologia v.12 n.4, Tabelas 1-5 (irradiação diária média no plano inclinado; base INPE Atlas Brasileiro de Energia Solar 2017 via Neosolar abr/2020)",https://revistas.uepg.br/index.php/ret/article/download/15866/209209213894/209209232374,2020-04,2026-10-01,Plano inclinado (inclinação ≈ latitude). Coordenadas aproximadas da capital. Serve também de referência da UF.
Florianópolis,SC,-27.6,-48.55,4.486,capital,"Altoé & Ribeiro (2020), Rev. Eng. Tecnologia v.12 n.4, Tabelas 1-5 (irradiação diária média no plano inclinado; base INPE Atlas Brasileiro de Energia Solar 2017 via Neosolar abr/2020)",https://revistas.uepg.br/index.php/ret/article/download/15866/209209213894/209209232374,2020-04,2026-10-01,Plano inclinado (inclinação ≈ latitude). Coordenadas aproximadas da capital. Serve também de referência da UF.
Porto Alegre,RS,-30.03,-51.23,4.674,capital,"Altoé & Ribeiro (2020), Rev. Eng. Tecnologia v.12 n.4, Tabelas 1-5 (irradiação diária média no plano inclinado; base INPE Atlas Brasileiro de Energia Solar 2017 via Neosolar abr/2020)",https://revistas.uepg.br/index.php/ret/article/download/15866/209209213894/209209232374,2020-04,2026-10-01,Plano inclinado (inclinação ≈ latitude). Coordenadas aproximadas da capital. Serve também de referência da UF.
