id,fabricante,modelo,potencia_wp,voc_v,isc_a,vmp_v,imp_a,eficiencia_pct,preco_brl,fornecedor,data_coleta,url_fonte,coef_voc_pct_c,coef_pmax_pct_c,comprimento_mm,largura_mm,espessura_mm,peso_kg,url_preco,url_especificacoes,observacoes
PN-001,Canadian Solar,CS6W-550MS,550,49.6,14.0,41.7,13.2,21.3,547.77,Minha Casa Solar,2026-10-01,https://www.minhacasasolar.com.br/painel-solar-550w-monocristalino-half-cell-canadian-cs6w-550ms-82127,-0.27,-0.34,2278,1134,30,27.6,https://www.minhacasasolar.com.br/painel-solar-550w-monocristalino-half-cell-canadian-cs6w-550ms-82127,https://www.canadiansolar.com/na/wp-content/uploads/sites/3/2026/01/CS-Datasheet-HiKu6_CS6W-MS_v2.7_EN-2278mm.pdf,Peso loja 24.3 kg x datasheet 27.6 kg; adotado datasheet.
PN-002,Canadian Solar,CS6.2-66TB-620,620,48.4,16.08,41.2,15.06,23.0,809.10,Minha Casa Solar,2026-10-01,https://www.minhacasasolar.com.br/painel-solar-canadian-620w-monocristalino-half-cell-bifacial-cs6-2-66tb-84321,-0.25,-0.29,2382,1134,30,32.8,https://www.minhacasasolar.com.br/painel-solar-canadian-620w-monocristalino-half-cell-bifacial-cs6-2-66tb-84321,https://static.csisolar.com/wp-content/uploads/2022/09/06160941/CS-Datasheet-TOPBiHiKu6-TOPCon_CS6W-TB-AG_v1.8_EN.pdf,Bifacial N-type TOPCon. Preco PIX.
PN-003,BYD,MLK-36 550W,550,50.32,13.61,42.49,12.94,21.29,800.00,BYD Campinas / Distribuicao BR,2026-10-01,https://energiasolarexplicada.com.br/blog/melhor-placa-solar-2026/,-0.30,-0.39,2278,1134,35,29.3,https://energiasolarexplicada.com.br/blog/melhor-placa-solar-2026/,https://pt.scribd.com/document/784840860/BYD-MLK-36-Monofacial-520W-550W,Preco de estudo de mercado.
PN-004,BYD,HRP72S 580W,580,52.49,13.87,44.08,13.22,22.45,680.00,PHB Solar / Distribuicao BR,2026-10-01,https://plataformaphbsolar.com.br/imagemsite/modulos/datasheet/byd_575wp_30mm_finame.pdf,-0.25,-0.32,2278,1134,30,29.3,https://plataformaphbsolar.com.br/imagemsite/modulos/datasheet/byd_575wp_30mm_finame.pdf,https://plataformaphbsolar.com.br/imagemsite/modulos/datasheet/byd_575wp_30mm_finame.pdf,Fonte e PDF de 575 Wp.
PN-005,BYD,TUI66T 620W,620,49.09,15.90,40.85,15.10,23.0,780.00,PHB Solar / Distribuicao BR,2026-10-01,https://plataformaphbsolar.com.br/imagemsite/modulos/datasheet/byd_600w_finame.pdf,-0.25,-0.29,2382,1134,30,32.8,https://plataformaphbsolar.com.br/imagemsite/modulos/datasheet/byd_600w_finame.pdf,https://plataformaphbsolar.com.br/imagemsite/modulos/datasheet/byd_600w_finame.pdf,Fonte e PDF de 600 W.
PN-006,Osda,ODA550-36-MH,550,50.1,14.01,42.1,13.06,21.3,869.99,Pichau,2026-10-01,https://www.pichau.com.br/painel-solar-fotovoltaico-osda-550w-2279x1134x35mm-oda550-36-mh,-0.28,-0.35,2279,1134,35,,https://www.pichau.com.br/painel-solar-fotovoltaico-osda-550w-2279x1134x35mm-oda550-36-mh,https://hotsite.pichau.com.br/descricao/manual/Solar/Datasheet Painel.pdf,Mono half-cell 144 celulas. Registro INMETRO 006716/2022. Preco a vista no PIX com 15% de desconto (de R$ 1999.99; cartao R$ 1023.52). Specs conforme pagina da loja/datasheet da loja. Peso nao informado. Na coleta a pagina constava como sem estoque.
PN-007,Jinko Solar,Tiger Neo JKM555N-72HL4,555,50.9,13.93,42.3,13.12,21.48,900.00,Aldo Solar / BelEnergy,2026-10-01,https://energiasolarexplicada.com.br/blog/melhor-placa-solar-2026/,-0.25,-0.30,2278,1134,30,28.0,https://energiasolarexplicada.com.br/blog/melhor-placa-solar-2026/,https://jinkosolar.com.au/download_categories/datasheets/,Preco medio de distribuidor.
PN-008,Trina Solar,Vertex S+ TSM-555NEG19R,555,51.7,13.7,43.1,12.88,21.5,900.00,BelEnergy / Fotus,2026-10-01,https://energiasolarexplicada.com.br/blog/melhor-placa-solar-2026/,-0.24,-0.30,2278,1134,30,27.8,https://energiasolarexplicada.com.br/blog/melhor-placa-solar-2026/,https://static.trinasolar.com/sites/default/files/VertexN_brochure_EN.pdf,Preco medio de distribuidor.
PN-009,Astronergy,CHSM72M-HC 550W,550,50.3,13.92,42.0,13.10,21.3,840.00,BelEnergy / Fotus,2026-10-01,https://canalsolar.com.br/infolink-ranking-global-remessas-modulos/,-0.27,-0.34,2278,1134,30,26.6,https://canalsolar.com.br/infolink-ranking-global-remessas-modulos/,https://www.scribd.com/document/683083328/182-530-550-ASTRO-5-Semi-CHSM72M-HC,Fonte e artigo de ranking.
PN-010,Canadian Solar,TOPHiKu6 CS6W-555T,555,50.0,14.0,41.8,13.28,21.7,850.00,Aldo Solar / NeoSolar,2026-10-01,https://energiasolarexplicada.com.br/blog/melhor-placa-solar-2026/,-0.25,-0.29,2278,1134,30,27.6,https://energiasolarexplicada.com.br/blog/melhor-placa-solar-2026/,https://static.csisolar.com/wp-content/uploads/2022/09/12122535/CS-Datasheet-TOPHiKu6-TOPCon_CS6W-T_v1.6_EN.pdf,Preco medio de distribuidor.
